Download,Upload,Ping
62782118.03184725,199623668.44731957,15.182
