Download,Upload,Ping
63131211.468976,51549524.188843496,9.176
