Download,Upload,Ping
61548263.36483922,231445073.09869736,12.468
