Download,Upload,Ping
60078930.33967561,45379734.16647943,12.425
