Download,Upload,Ping
63416137.24758255,166149573.89267653,13.242
