Download,Upload,Ping
62684312.775884375,200975785.49239546,18.792
