Download,Upload,Ping
184823749.65101764,18090350.164893135,30.133
