Download,Upload,Ping
63231389.36769947,332789473.90344113,6.722
