Download,Upload,Ping
63590012.198311105,51570165.779164344,6.852
