Download,Upload,Ping
61308649.186391525,47692449.55168512,12.132
