Download,Upload,Ping
2378502.9115086826,5050353.219642424,57.851
