Download,Upload,Ping
64001128.383778796,53066945.84149494,3.746
