Download,Upload,Ping
232313543.36972517,16828305.313069973,25.699
