Download,Upload,Ping
62362184.349638805,322842837.0967741,7.111
