Download,Upload,Ping
63962402.58693851,49576412.72752959,7.692
