Download,Upload,Ping
62685741.03997837,220047161.99735153,13.043
