Download,Upload,Ping
62410316.73291071,268694806.6984144,13.919
