Download,Upload,Ping
45934066.87741391,242682529.86233312,28.469
