Download,Upload,Ping
63086796.65441504,53984895.957897015,4.022
