Download,Upload,Ping
701273.3926780047,1507578.76529209,94.833
