Download,Upload,Ping
63227628.291399874,312788211.1053309,7.515
